<?xml version="1.0" encoding="UTF-8"?>
<AssociateData xmlns="http://www.example.org/Associatedata" 
xmlns:xsi="http://www.w3.org/2001/XMLSchema-instance"
 xsi:schemaLocation="http://www.example.org/Associatedata Associatedata.xsd ">
  <Associate associateid="0">
    <yearlyinvestmentUnder80c>0</yearlyinvestmentUnder80c>
    <firstName>firstName</firstName>
    <lastName>lastName</lastName>
    <department>department</department>
    <designation>Sr. Con</designation>
    <panCard>panCard</panCard>
    <emailId>emailId</emailId>
    <BankDetails>
      <accountNumber>1234</accountNumber>
      <bankName>bankName</bankName>
      <ifscCode>ifscCode</ifscCode>
    </BankDetails>
  </Associate>
</AssociateData>
