<?xml version="1.0" encoding="UTF-8"?>
<ElectricityConsumer xmlns="http://www.example.org/ElectricityConsumer" xmlns:xsi="http://www.w3.org/2001/XMLSchema-instance" xsi:schemaLocation="http://www.example.org/ElectricityConsumer Newharleen.xsd ">
  <Consumer consumerNo="1001">
    <ConsumerName>Seema Joshi</ConsumerName>
    <emailId>Seema.joshi@gmail.com</emailId>
    <UnitsConsumed>250</UnitsConsumed>
  </Consumer>
  
  <Consumer consumerNo="1002">
    <ConsumerName>Amey Joshi</ConsumerName>
    <emailId>Amey.j@cg.com</emailId>
    <UnitsConsumed>345</UnitsConsumed>
  </Consumer>

<Consumer consumerNo="1003">
    <ConsumerName>Pravin</ConsumerName>
    <emailId>Pravin.t@cg.com</emailId>
    <UnitsConsumed>457</UnitsConsumed>
  </Consumer>
  
  <Consumer consumerNo="1004">
    <ConsumerName>Manoj Kulkarni</ConsumerName>
    <emailId>manoj@gmail.com</emailId>
    <UnitsConsumed>780</UnitsConsumed>
  </Consumer>
  
  <Consumer consumerNo="1005">
    <ConsumerName>Shrikant Shinde</ConsumerName>
    <emailId>Shrikant.shinde@gmailc.com</emailId>
    <UnitsConsumed>90</UnitsConsumed>
  </Consumer>
  
  <Consumer consumerNo="1006">
    <ConsumerName>Mahesh B</ConsumerName>
    <emailId>bMahesh@yahoo.com</emailId>
    <UnitsConsumed>720</UnitsConsumed>
  </Consumer>
</ElectricityConsumer>
